first_name,last_name,dob,email,description,postal,id
Graiden,Riggs,07-22-53,blandit.Nam@mattissemper.edu,ullamcorper. Duis at lacus. Quisque purus sapien, gravida non, sollicitudin,FI19 9DA,0
Yolanda,Bradshaw,08-01-20,condimentum@sitametornare.org,sit amet ornare lectus justo eu arcu. Morbi sit amet,QD7N 4MA,1
Germane,Watkins,03-11-81,in.consequat@Sedidrisus.ca,libero est, congue a, aliquet vel, vulputate eu, odio. Phasellus,CN1 1MH,2
Caldwell,Dale,11-25-11,bibendum@nondapibusrutrum.com,Cum sociis natoque penatibus et magnis dis parturient montes, nascetur,F69 7RH,3
Maryam,Church,02-08-08,massa.non.ante@parturientmontes.ca,urna et arcu imperdiet ullamcorper. Duis at lacus. Quisque purus,NW00 1DG,4
Hanna,Mcfarland,10-27-56,mattis@Utsemperpretium.edu,lacinia vitae, sodales at, velit. Pellentesque ultricies dignissim lacus. Aliquam,HQ4O 2PH,5
Teagan,Barrera,11-14-54,dignissim.magna.a@ante.org,tellus non magna. Nam ligula elit, pretium et, rutrum non,,P6S 8ZI,6
Alexis,Tyler,02-11-07,pede@vestibulum.org,interdum feugiat. Sed nec metus facilisis lorem tristique aliquet. Phasellus,FK6V 6NW,7
MacKensie,Coleman,10-17-06,faucibus.orci.luctus@sagittisfelisDonec.org,sollicitudin adipiscing ligula. Aenean gravida nunc sed pede. Cum sociis,B9 2JY,8
Clayton,Mason,12-06-69,ligula.Aenean.euismod@ullamcorper.ca,Aliquam gravida mauris ut mi. Duis risus odio, auctor vitae,,JH00 7WR,9
Wyatt,Roberts,12-25-63,quis.arcu.vel@non.edu,risus. Morbi metus. Vivamus euismod urna. Nullam lobortis quam a,HF4F 4ZX,10
Malik,Bush,02-17-27,non@pede.ca,in molestie tortor nibh sit amet orci. Ut sagittis lobortis,O96 2YL,11
Brooke,Nixon,02-11-94,metus.vitae.velit@magnaaneque.org,ligula tortor, dictum eu, placerat eget, venenatis a, magna. Lorem,F5H 1MY,12
Fletcher,Roberson,04-11-81,non.bibendum@rutrumloremac.ca,Vivamus nibh dolor, nonummy ac, feugiat non, lobortis quis, pede.,Y8 6XH,13
Remedios,Mathis,10-06-09,Nullam.enim.Sed@netus.edu,accumsan sed, facilisis vitae, orci. Phasellus dapibus quam quis diam.,G9K 4MI,14
Raphael,Ewing,01-11-78,ut.molestie.in@sem.edu,lobortis quis, pede. Suspendisse dui. Fusce diam nunc, ullamcorper eu,,X2F 7NA,15
Guinevere,Kent,06-16-01,sociis.natoque@duinec.org,vitae, aliquet nec, imperdiet nec, leo. Morbi neque tellus, imperdiet,ZG4M 5FT,16
Jared,Hensley,02-10-94,ac.orci.Ut@Morbiquis.edu,fames ac turpis egestas. Fusce aliquet magna a neque. Nullam,HK8 2UI,17
Scarlet,Hicks,01-07-09,magna.Praesent.interdum@Aliquam.com,tincidunt aliquam arcu. Aliquam ultrices iaculis odio. Nam interdum enim,MI2S 0SC,18
Scarlet,Herring,12-02-04,Curabitur.egestas@inaliquet.edu,et malesuada fames ac turpis egestas. Aliquam fringilla cursus purus.,RG3A 1TX,19
Nathaniel,Stuart,04-13-82,fringilla.Donec.feugiat@maurisidsapien.ca,dui quis accumsan convallis, ante lectus convallis est, vitae sodales,EB7H 8EX,20
Igor,Obrien,11-12-08,non.hendrerit@imperdietdictum.edu,suscipit nonummy. Fusce fermentum fermentum arcu. Vestibulum ante ipsum primis,GZ2D 6DY,21
Raven,Branch,04-04-68,ligula.elit@euismodenim.org,tincidunt congue turpis. In condimentum. Donec at arcu. Vestibulum ante,AL5 9WE,22
Keefe,Horne,08-05-34,Nam.consequat.dolor@sollicitudincommodo.ca,cursus. Integer mollis. Integer tincidunt aliquam arcu. Aliquam ultrices iaculis,I36 4GK,23
Kuame,Sharpe,01-07-42,ullamcorper.magna.Sed@anteNunc.ca,mattis ornare, lectus ante dictum mi, ac mattis velit justo,JL7G 6HR,24
Geoffrey,Henderson,08-01-70,pharetra@atvelit.com,odio tristique pharetra. Quisque ac libero nec ligula consectetuer rhoncus.,YD03 6XI,25
Rooney,English,09-12-82,Suspendisse.tristique.neque@mauris.com,arcu. Vestibulum ut eros non enim commodo hendrerit. Donec porttitor,U85 4GY,26
Phyllis,Levy,01-23-58,Nunc.ut@Curabitur.ca,eu lacus. Quisque imperdiet, erat nonummy ultricies ornare, elit elit,WY6 7HL,27
Andrew,Chang,12-06-24,ut@ligulaelitpretium.ca,Class aptent taciti sociosqu ad litora torquent per conubia nostra,,EJ1K 3WY,28
Melodie,Wiley,08-23-83,ac.libero.nec@egestaslaciniaSed.ca,ante blandit viverra. Donec tempus, lorem fringilla ornare placerat, orci,HK1 7LJ,29
Randall,Patterson,11-20-88,felis.ullamcorper@sitamet.edu,vitae purus gravida sagittis. Duis gravida. Praesent eu nulla at,HE81 1OC,30
Amaya,Tillman,07-10-49,Etiam.laoreet.libero@nasceturridiculusmus.com,aliquet odio. Etiam ligula tortor, dictum eu, placerat eget, venenatis,ZN23 2ZR,31
Martena,Landry,07-09-16,augue@elementumategestas.com,interdum. Nunc sollicitudin commodo ipsum. Suspendisse non leo. Vivamus nibh,C38 1JU,32
Amos,Cantrell,12-06-21,Donec.porttitor@semeget.com,tristique ac, eleifend vitae, erat. Vivamus nisi. Mauris nulla. Integer,Q7E 6JV,33
Caleb,Morrow,08-06-05,ipsum.ac@quisdiamPellentesque.ca,lacus, varius et, euismod et, commodo at, libero. Morbi accumsan,F2B 5AC,34
Nerea,Morton,07-25-26,ut.pellentesque@eu.org,varius orci, in consequat enim diam vel arcu. Curabitur ut,DB8N 8BD,35
Kelly,Sparks,11-05-31,orci.quis.lectus@eratvel.ca,purus, in molestie tortor nibh sit amet orci. Ut sagittis,NN2P 2WH,36
Jack,Wagner,04-27-85,Fusce@urnasuscipit.com,mi lorem, vehicula et, rutrum eu, ultrices sit amet, risus.,A12 1SD,37
Abra,French,02-08-42,scelerisque.scelerisque.dui@dolor.org,sagittis felis. Donec tempor, est ac mattis semper, dui lectus,SJ35 6VN,38
Wade,Trujillo,08-15-24,molestie.sodales.Mauris@malesuada.com,nec tempus scelerisque, lorem ipsum sodales purus, in molestie tortor,T5J 8PR,39
Marny,Gaines,12-30-03,ultricies.adipiscing.enim@adipiscing.org,Curabitur dictum. Phasellus in felis. Nulla tempor augue ac ipsum.,O7 6KH,40
Lee,Fuentes,06-16-88,auctor@hendreritDonec.edu,risus. Nulla eget metus eu erat semper rutrum. Fusce dolor,UO2R 1XH,41
Jakeem,Simmons,12-11-67,accumsan@varius.org,eu tellus eu augue porttitor interdum. Sed auctor odio a,FM64 0YR,42
Riley,Knowles,12-14-73,Quisque@Sedneque.ca,Donec sollicitudin adipiscing ligula. Aenean gravida nunc sed pede. Cum,ZX92 3VM,43
Samson,Burch,04-04-54,orci@Donecfeugiat.org,aliquet odio. Etiam ligula tortor, dictum eu, placerat eget, venenatis,GQ2 9LU,44
Carissa,Jarvis,07-17-54,Vivamus.molestie@metusAenean.edu,dictum eleifend, nunc risus varius orci, in consequat enim diam,KX4 2KG,45
Ginger,Oliver,04-18-70,ac.mattis.ornare@inconsequatenim.org,neque vitae semper egestas, urna justo faucibus lectus, a sollicitudin,BB85 8BZ,46
Chava,Hogan,06-04-08,et@vitaediam.com,mauris id sapien. Cras dolor dolor, tempus non, lacinia at,,B47 3TM,47
Anastasia,Ortiz,10-18-75,In@massalobortis.com,ullamcorper viverra. Maecenas iaculis aliquet diam. Sed diam lorem, auctor,GG13 2JT,48
Lacota,Cotton,09-17-91,pede@eueuismodac.com,egestas. Aliquam nec enim. Nunc ut erat. Sed nunc est,,X3 6JK,49
Gretchen,Nichols,08-27-20,vitae.diam.Proin@semperNam.edu,a, dui. Cras pellentesque. Sed dictum. Proin eget odio. Aliquam,J6R 6ZL,50
Cecilia,Clayton,08-29-11,ac.tellus.Suspendisse@acorciUt.ca,a, arcu. Sed et libero. Proin mi. Aliquam gravida mauris,WB52 4YX,51
Fitzgerald,Parrish,02-13-50,porttitor@dignissimMaecenasornare.ca,In mi pede, nonummy ut, molestie in, tempus eu, ligula.,XJ43 5RC,52
Alice,Little,11-26-61,dolor.Quisque.tincidunt@ametdapibus.ca,Vivamus nisi. Mauris nulla. Integer urna. Vivamus molestie dapibus ligula.,QA4 5IE,53
Reuben,Rowe,01-16-32,augue.id.ante@felisNullatempor.ca,eget lacus. Mauris non dui nec urna suscipit nonummy. Fusce,S4 8JM,54
Shaine,Tyson,05-29-06,facilisis@tellussem.ca,Etiam laoreet, libero et tristique pellentesque, tellus sem mollis dui,,K3U 9TY,55
Ora,Leon,09-07-42,consectetuer.ipsum.nunc@eget.ca,adipiscing non, luctus sit amet, faucibus ut, nulla. Cras eu,E69 5CU,56
Isaac,Haney,05-02-81,egestas.blandit@ante.org,dictum ultricies ligula. Nullam enim. Sed nulla ante, iaculis nec,,YO96 4SE,57
Ian,Miranda,05-04-00,eu.nibh@eteros.org,rutrum non, hendrerit id, ante. Nunc mauris sapien, cursus in,,N5 4HZ,58
Sandra,Watson,11-12-30,elit.Curabitur.sed@loremvehicula.org,augue ac ipsum. Phasellus vitae mauris sit amet lorem semper,TO1 2HI,59
Melissa,Travis,10-12-64,vitae.mauris.sit@faucibusleo.ca,Vivamus nibh dolor, nonummy ac, feugiat non, lobortis quis, pede.,ME7 7EO,60
Nita,Ashley,07-21-94,consequat.dolor@Aliquamnec.com,enim non nisi. Aenean eget metus. In nec orci. Donec,QS3 9AZ,61
Rudyard,Reed,04-27-03,Curabitur@nonarcu.edu,nec, leo. Morbi neque tellus, imperdiet non, vestibulum nec, euismod,E0J 3QB,62
Gay,Cook,02-03-45,Duis@rutrum.ca,et, eros. Proin ultrices. Duis volutpat nunc sit amet metus.,OW5 5WI,63
Gay,Arnold,02-14-08,nibh.lacinia@venenatis.org,sagittis lobortis mauris. Suspendisse aliquet molestie tellus. Aenean egestas hendrerit,O61 2RN,64
Hope,Sullivan,11-12-67,neque.Morbi@euodio.org,eu, euismod ac, fermentum vel, mauris. Integer sem elit, pharetra,VL7R 7CS,65
Eaton,Rollins,10-02-70,porttitor.vulputate.posuere@lectuspede.edu,volutpat ornare, facilisis eget, ipsum. Donec sollicitudin adipiscing ligula. Aenean,MC5Z 5KJ,66
Colette,Robles,11-27-13,in.sodales.elit@Praesenteudui.ca,rutrum non, hendrerit id, ante. Nunc mauris sapien, cursus in,,H8 7ZD,67
Kyra,Ryan,02-20-65,dolor@quis.com,sit amet, consectetuer adipiscing elit. Aliquam auctor, velit eget laoreet,C5 8PZ,68
Colleen,Ruiz,07-01-03,mi.ac.mattis@purusac.org,Sed nulla ante, iaculis nec, eleifend non, dapibus rutrum, justo.,F3 4AI,69
Macon,Mathews,05-27-72,mus@molestieSed.ca,sem elit, pharetra ut, pharetra sed, hendrerit a, arcu. Sed,U35 6XO,70
Silas,Peterson,02-08-01,et@varius.com,Nullam scelerisque neque sed sem egestas blandit. Nam nulla magna,,CG5C 5DR,71
Orli,Rutledge,09-04-04,consectetuer@ametdiameu.edu,sagittis. Nullam vitae diam. Proin dolor. Nulla semper tellus id,J6 4YO,72
Colette,Duke,02-06-63,eu.nibh@ultrices.com,nec, euismod in, dolor. Fusce feugiat. Lorem ipsum dolor sit,GF58 3GO,73
Bryar,Landry,03-31-19,vulputate.risus@amifringilla.org,elit erat vitae risus. Duis a mi fringilla mi lacinia,M8Y 0BE,74
Gwendolyn,Mclaughlin,06-26-01,tristique@egetdictumplacerat.ca,orci. Ut sagittis lobortis mauris. Suspendisse aliquet molestie tellus. Aenean,B3H 3XL,75
Ruth,Jarvis,09-08-49,ligula@Integer.com,sapien. Cras dolor dolor, tempus non, lacinia at, iaculis quis,,MX8O 0GE,76
Fuller,Garza,07-11-07,hendrerit@magna.edu,neque. Nullam ut nisi a odio semper cursus. Integer mollis.,JA38 8UD,77
Hyacinth,Bishop,01-06-96,sem@Nuncpulvinararcu.org,mi pede, nonummy ut, molestie in, tempus eu, ligula. Aenean,UZ8Y 3DD,78
Tyrone,Dominguez,01-26-05,ipsum.dolor.sit@molestie.com,auctor velit. Aliquam nisl. Nulla eu neque pellentesque massa lobortis,NI5 6TQ,79
Octavia,Luna,07-20-76,feugiat@enim.org,congue, elit sed consequat auctor, nunc nulla vulputate dui, nec,O20 7JY,80
Willa,Carrillo,06-14-70,imperdiet.ornare.In@diamlorem.ca,diam dictum sapien. Aenean massa. Integer vitae nibh. Donec est,M6 1GH,81
Rudyard,Robinson,10-08-06,cursus.in@Maurisblanditenim.com,et ultrices posuere cubilia Curae; Donec tincidunt. Donec vitae erat,H7A 0DY,82
Xander,Ellis,04-12-73,Duis.sit.amet@SedmolestieSed.edu,tincidunt vehicula risus. Nulla eget metus eu erat semper rutrum.,N0T 7IP,83
Kasper,Whitfield,07-31-19,lorem@augue.edu,sit amet nulla. Donec non justo. Proin non massa non,J4O 4JN,84
Ori,Eaton,05-16-53,vel.venenatis.vel@lobortisquis.org,mi tempor lorem, eget mollis lectus pede et risus. Quisque,YK9 2ZL,85
Dakota,Carroll,03-17-69,viverra.Maecenas.iaculis@Maurisblandit.ca,tincidunt vehicula risus. Nulla eget metus eu erat semper rutrum.,LG78 7NC,86
Kaitlin,Carpenter,01-08-53,elementum.dui@dolorFuscemi.edu,mi. Aliquam gravida mauris ut mi. Duis risus odio, auctor,W6L 3YP,87
Dalton,Fletcher,06-08-24,augue@ante.edu,mauris sapien, cursus in, hendrerit consectetuer, cursus et, magna. Praesent,JN18 6QA,88
Dacey,Bolton,02-06-25,ultrices.posuere.cubilia@velit.edu,convallis erat, eget tincidunt dui augue eu tellus. Phasellus elit,BZ76 2CW,89
Malcolm,Goodwin,01-25-73,Donec@idnuncinterdum.edu,non, feugiat nec, diam. Duis mi enim, condimentum eget, volutpat,F88 2DX,90
Avram,Sosa,09-01-19,consequat@magnis.org,enim mi tempor lorem, eget mollis lectus pede et risus.,RK87 2LD,91
Francis,Conrad,11-19-70,Quisque@dapibus.com,in molestie tortor nibh sit amet orci. Ut sagittis lobortis,HV4 1XG,92
Deacon,Rowe,07-01-16,mattis@augueid.org,in, dolor. Fusce feugiat. Lorem ipsum dolor sit amet, consectetuer,VQ3H 7RM,93
Rylee,Randall,12-15-63,Mauris.vel.turpis@ultrices.ca,lacus. Nulla tincidunt, neque vitae semper egestas, urna justo faucibus,US4 0ZH,94
Graiden,Thornton,09-30-69,enim.Sed.nulla@Curabiturvel.com,Cum sociis natoque penatibus et magnis dis parturient montes, nascetur,Z7U 6GQ,95
Hamish,York,05-02-07,mi.lorem.vehicula@Ut.ca,nunc nulla vulputate dui, nec tempus mauris erat eget ipsum.,M67 4ZD,96
Gary,Nash,11-05-10,ornare.tortor.at@nonnisi.org,ac mi eleifend egestas. Sed pharetra, felis eget varius ultrices,,P9 1VN,97
Kenyon,Shannon,09-16-69,sed.sapien@Nunc.ca,fringilla purus mauris a nunc. In at pede. Cras vulputate,H8 4TU,98
Libby,Blanchard,03-20-30,non.sapien@ligulatortordictum.com,mauris blandit mattis. Cras eget nisi dictum augue malesuada malesuada.,CF4 2AY,99
Regan,Stafford,06-13-05,iaculis@necurnasuscipit.ca,In scelerisque scelerisque dui. Suspendisse ac metus vitae velit egestas,A1X 7YM,100
Shad,Hardin,10-18-01,lorem.ut.aliquam@leo.com,diam. Proin dolor. Nulla semper tellus id nunc interdum feugiat.,YB7 9ZN,101
Silas,Edwards,02-23-42,laoreet.libero@enimMauris.org,ipsum porta elit, a feugiat tellus lorem eu metus. In,ZN3 9AE,102
Ferdinand,Robinson,12-23-24,sagittis@vitaesemperegestas.edu,hendrerit. Donec porttitor tellus non magna. Nam ligula elit, pretium,QQ1P 1BW,103
Katelyn,Short,11-19-07,sociis.natoque@necmalesuada.com,Maecenas mi felis, adipiscing fringilla, porttitor vulputate, posuere vulputate, lacus.,G17 4LO,104
Jackson,Trevino,01-25-32,purus.Nullam@aliquam.org,rutrum lorem ac risus. Morbi metus. Vivamus euismod urna. Nullam,OI56 1BL,105
Keegan,Perez,07-28-18,quis.urna.Nunc@dolor.ca,laoreet, libero et tristique pellentesque, tellus sem mollis dui, in,P4 4EX,106
Francis,Nguyen,05-06-42,orci.Ut.sagittis@etmagnisdis.ca,amet, faucibus ut, nulla. Cras eu tellus eu augue porttitor,TK9Y 4LM,107
Carly,Duncan,03-28-70,sem@habitant.ca,pulvinar arcu et pede. Nunc sed orci lobortis augue scelerisque,N4 6LV,108
Gray,Cross,01-22-31,Cras@fringillaDonecfeugiat.org,Duis cursus, diam at pretium aliquet, metus urna convallis erat,,AM2 4YS,109
Maite,Cobb,08-25-31,elit.erat.vitae@ac.ca,mollis vitae, posuere at, velit. Cras lorem lorem, luctus ut,,T4 9FI,110
Gillian,Hendrix,08-02-98,vitae.sodales@ante.edu,erat eget ipsum. Suspendisse sagittis. Nullam vitae diam. Proin dolor.,U75 2QI,111
Sybil,Sexton,10-28-36,lectus@sem.com,tincidunt tempus risus. Donec egestas. Duis ac arcu. Nunc mauris.,A67 2ZB,112
Mariam,Mccullough,10-17-49,a.magna@mauris.org,nec, eleifend non, dapibus rutrum, justo. Praesent luctus. Curabitur egestas,GM5X 8LT,113
Alana,Burton,08-27-49,ut.sem.Nulla@euaccumsan.com,Mauris ut quam vel sapien imperdiet ornare. In faucibus. Morbi,Z3 0BZ,114
Macon,Mason,02-05-44,Maecenas.mi.felis@orci.com,a, malesuada id, erat. Etiam vestibulum massa rutrum magna. Cras,NE6 3QK,115
Germaine,Randolph,08-17-15,ultricies@sem.ca,ut eros non enim commodo hendrerit. Donec porttitor tellus non,O6Z 5QP,116
Candace,Guthrie,11-17-13,risus.Donec@aliquamadipiscing.com,sociosqu ad litora torquent per conubia nostra, per inceptos hymenaeos.,LK10 8MV,117
Adria,Baldwin,11-29-51,Sed@Nunccommodoauctor.org,Suspendisse commodo tincidunt nibh. Phasellus nulla. Integer vulputate, risus a,W88 4ZG,118
Yuri,Dyer,04-11-88,elit.Aliquam.auctor@semmolestie.org,nisi. Mauris nulla. Integer urna. Vivamus molestie dapibus ligula. Aliquam,NR9 0MZ,119
Amela,Mcintyre,01-19-44,neque@pede.ca,montes, nascetur ridiculus mus. Proin vel nisl. Quisque fringilla euismod,J9 1IF,120
Calvin,Mcgowan,02-02-70,nec@tincidunt.ca,nisl. Quisque fringilla euismod enim. Etiam gravida molestie arcu. Sed,BO0B 0AC,121
Maggie,Farmer,04-24-12,nunc@lacus.com,ut, molestie in, tempus eu, ligula. Aenean euismod mauris eu,EV1 3ZS,122
Jordan,Burch,09-11-83,lorem.tristique.aliquet@malesuada.org,libero mauris, aliquam eu, accumsan sed, facilisis vitae, orci. Phasellus,C5F 1PW,123
Heather,Odom,02-09-31,risus.Donec.nibh@velturpis.org,sapien imperdiet ornare. In faucibus. Morbi vehicula. Pellentesque tincidunt tempus,CC2B 8TE,124
Nell,Leon,02-16-59,Vivamus@dolor.org,erat. Vivamus nisi. Mauris nulla. Integer urna. Vivamus molestie dapibus,P46 4VI,125
Cleo,Gillespie,08-18-07,a.sollicitudin.orci@facilisi.com,Cras interdum. Nunc sollicitudin commodo ipsum. Suspendisse non leo. Vivamus,F33 9OA,126
Juliet,Pugh,07-08-20,parturient@lacusvestibulumlorem.edu,ultrices a, auctor non, feugiat nec, diam. Duis mi enim,,TJ05 6HX,127
Macon,Patel,05-27-06,In.lorem.Donec@dolor.edu,Donec non justo. Proin non massa non ante bibendum ullamcorper.,Y1 0ZP,128
Russell,Brooks,03-30-12,erat@consectetuerrhoncusNullam.edu,mauris. Suspendisse aliquet molestie tellus. Aenean egestas hendrerit neque. In,VC4N 3JD,129
Ayanna,Gibson,12-26-98,dictum.Phasellus.in@Cras.ca,porttitor scelerisque neque. Nullam nisl. Maecenas malesuada fringilla est. Mauris,MS7 1NV,130
Heather,Garrison,05-21-28,Curae;.Donec@enimnon.org,eros nec tellus. Nunc lectus pede, ultrices a, auctor non,,TL1C 5GL,131
Kennan,Huber,07-01-04,parturient.montes.nascetur@nec.com,laoreet posuere, enim nisl elementum purus, accumsan interdum libero dui,SR5 5CV,132
Cameran,Santana,11-17-02,eu@cursuset.edu,tristique pharetra. Quisque ac libero nec ligula consectetuer rhoncus. Nullam,N4E 7XS,133
Dai,Mccullough,11-21-90,tellus.Aenean@maurisidsapien.com,per conubia nostra, per inceptos hymenaeos. Mauris ut quam vel,YD7 0YX,134
Sheila,Dillon,08-01-84,scelerisque@auctornonfeugiat.org,eu nulla at sem molestie sodales. Mauris blandit enim consequat,PC0M 7GC,135
Cade,Potter,02-20-71,aliquet.odio.Etiam@massa.com,a, facilisis non, bibendum sed, est. Nunc laoreet lectus quis,EA4C 8SG,136
Demetria,Lowe,03-10-91,nec.euismod@interdumSedauctor.edu,nec, diam. Duis mi enim, condimentum eget, volutpat ornare, facilisis,UI4 8LF,137
Maris,Deleon,02-15-15,ornare.placerat@Duisvolutpat.org,est mauris, rhoncus id, mollis nec, cursus a, enim. Suspendisse,P1 5IJ,138
Raya,Stewart,05-23-57,tristique.aliquet.Phasellus@Maurisnulla.ca,et, euismod et, commodo at, libero. Morbi accumsan laoreet ipsum.,SF7P 6YF,139
Uma,Haynes,04-16-04,justo.Praesent.luctus@ligula.org,facilisis eget, ipsum. Donec sollicitudin adipiscing ligula. Aenean gravida nunc,L76 8NN,140
Patience,Finch,01-11-05,Aliquam@Aliquam.edu,sit amet, dapibus id, blandit at, nisi. Cum sociis natoque,GH91 5WP,141
Hector,Hatfield,07-11-39,velit.justo.nec@interdum.edu,ligula. Nullam feugiat placerat velit. Quisque varius. Nam porttitor scelerisque,AM3 5FR,142
Macaulay,Garner,05-12-01,nulla.Donec.non@Duiselementum.com,imperdiet dictum magna. Ut tincidunt orci quis lectus. Nullam suscipit,,NX03 4MU,143
Guinevere,Hayden,06-26-53,eget.nisi.dictum@semconsequat.edu,Nullam nisl. Maecenas malesuada fringilla est. Mauris eu turpis. Nulla,U78 4KF,144
Hanae,Alford,08-26-93,aliquam.iaculis@ipsum.org,nulla. Integer vulputate, risus a ultricies adipiscing, enim mi tempor,YB94 8HV,145
Nasim,Sparks,05-12-90,fringilla.porttitor@consequat.edu,Donec at arcu. Vestibulum ante ipsum primis in faucibus orci,PY3 8IK,146
Gregory,Cherry,07-12-89,dapibus.id.blandit@anteNuncmauris.edu,ipsum leo elementum sem, vitae aliquam eros turpis non enim.,CZ0 3UU,147
Delilah,Casey,09-08-67,eget.volutpat.ornare@Curabiturconsequatlectus.edu,magna. Phasellus dolor elit, pellentesque a, facilisis non, bibendum sed,,JG4S 6VW,148
Garth,Gibson,07-07-12,mattis.ornare@Donecvitae.com,Phasellus fermentum convallis ligula. Donec luctus aliquet odio. Etiam ligula,WF26 4KI,149
Ray,Fischer,05-16-56,elit@noncursusnon.com,ultrices iaculis odio. Nam interdum enim non nisi. Aenean eget,U0T 6JC,150
Deacon,Ewing,09-03-38,Fusce.feugiat@aliquetProinvelit.ca,ante dictum cursus. Nunc mauris elit, dictum eu, eleifend nec,,K84 7FH,151
Baker,Holloway,08-25-54,vitae@consectetuercursus.ca,sit amet luctus vulputate, nisi sem semper erat, in consectetuer,XH3 2JP,152
Kessie,Young,07-21-92,tincidunt.adipiscing@nisiMauris.com,Praesent eu dui. Cum sociis natoque penatibus et magnis dis,N8R 7ET,153
Camille,Evans,10-10-06,Nunc.ullamcorper@risusvariusorci.org,ornare egestas ligula. Nullam feugiat placerat velit. Quisque varius. Nam,R4 7AA,154
Francesca,Barber,09-20-12,Duis.cursus@lobortisquis.edu,ut nisi a odio semper cursus. Integer mollis. Integer tincidunt,P2Q 3KK,155
Jemima,Noble,12-26-38,libero.est.congue@volutpatNulla.ca,Vestibulum accumsan neque et nunc. Quisque ornare tortor at risus.,P9C 6YK,156
Mason,Kinney,03-15-03,arcu@Nuncut.edu,tellus sem mollis dui, in sodales elit erat vitae risus.,A6 0KC,157
Kendall,Bradshaw,11-08-87,Ut@nequevitae.com,ante, iaculis nec, eleifend non, dapibus rutrum, justo. Praesent luctus.,DU8T 7GK,158
Constance,Ferrell,12-19-80,sem.magna@idlibero.com,bibendum. Donec felis orci, adipiscing non, luctus sit amet, faucibus,D4X 2ZA,159
Dane,Ortega,04-26-11,iaculis.quis@Nunc.org,Suspendisse non leo. Vivamus nibh dolor, nonummy ac, feugiat non,,U00 0LG,160
Genevieve,Trujillo,04-18-19,cubilia.Curae;.Donec@Proinvelit.edu,nunc. Quisque ornare tortor at risus. Nunc ac sem ut,JU5I 8TA,161
Jackson,Haynes,11-07-93,consectetuer@Maurisquisturpis.ca,Proin nisl sem, consequat nec, mollis vitae, posuere at, velit.,HA4N 3IM,162
Bert,Snow,06-02-95,Donec.egestas.Duis@nullavulputatedui.org,vitae nibh. Donec est mauris, rhoncus id, mollis nec, cursus,MJ8 5VH,163
Olivia,Hughes,08-19-49,enim@adipiscingnon.ca,lorem, auctor quis, tristique ac, eleifend vitae, erat. Vivamus nisi.,UG20 7IY,164
Leilani,Meadows,03-17-00,ac.libero.nec@vel.ca,facilisis eget, ipsum. Donec sollicitudin adipiscing ligula. Aenean gravida nunc,F8C 4PO,165
Mona,Jennings,11-03-52,amet.ante.Vivamus@eros.ca,dictum cursus. Nunc mauris elit, dictum eu, eleifend nec, malesuada,K1 8TD,166
Ila,Goodwin,02-15-34,semper.tellus.id@dignissimpharetra.org,nunc sit amet metus. Aliquam erat volutpat. Nulla facilisis. Suspendisse,B9 0ON,167
Kylynn,Dean,04-23-22,Suspendisse.sed.dolor@auctornon.ca,in, tempus eu, ligula. Aenean euismod mauris eu elit. Nulla,I8B 1QF,168
Lawrence,Yang,06-07-36,dui@sempertellus.edu,bibendum sed, est. Nunc laoreet lectus quis massa. Mauris vestibulum,,MT90 2NH,169
Dexter,Albert,02-19-72,magna.Nam@iaculislacuspede.edu,ullamcorper, velit in aliquet lobortis, nisi nibh lacinia orci, consectetuer,T3 6YX,170
Lilah,Aguirre,12-04-67,leo@Proinnislsem.org,enim. Etiam imperdiet dictum magna. Ut tincidunt orci quis lectus.,I11 6QK,171
Sydnee,Michael,12-10-76,a@magnamalesuada.org,mauris, rhoncus id, mollis nec, cursus a, enim. Suspendisse aliquet,,X3 0WG,172
Nadine,Stevens,03-20-60,iaculis.lacus@nullaIn.com,amet diam eu dolor egestas rhoncus. Proin nisl sem, consequat,PZ6F 6ZC,173
Dante,Armstrong,07-14-77,sociis.natoque@quisdiamPellentesque.ca,Curabitur consequat, lectus sit amet luctus vulputate, nisi sem semper,GQ5 4IM,174
Willa,Chan,10-15-06,Curabitur@dignissimlacus.org,Pellentesque habitant morbi tristique senectus et netus et malesuada fames,RD1R 2KR,175
Plato,Boyer,12-17-42,sem.Pellentesque@vitaesodalesnisi.com,faucibus id, libero. Donec consectetuer mauris id sapien. Cras dolor,FE36 1MU,176
Ross,Bennett,03-19-04,Aliquam@eget.ca,amet, consectetuer adipiscing elit. Etiam laoreet, libero et tristique pellentesque,,L45 1FP,177
Natalie,Andrews,03-23-59,vitae.purus@turpisnon.ca,dignissim. Maecenas ornare egestas ligula. Nullam feugiat placerat velit. Quisque,S0F 1WA,178
Deborah,Banks,01-28-88,Vivamus.molestie@Cum.edu,lacinia vitae, sodales at, velit. Pellentesque ultricies dignissim lacus. Aliquam,U9T 9OL,179
acqueline,Bradley,06-19-73,Maecenas.ornare@quis.ca,Phasellus elit pede, malesuada vel, venenatis vel, faucibus id, libero.,SS6 5SX,180
Lysandra,Bryant,04-21-10,congue@faucibusut.edu,eros. Proin ultrices. Duis volutpat nunc sit amet metus. Aliquam,V8 8KG,181
Shelley,Kerr,04-08-20,ornare.Fusce.mollis@ametornarelectus.ca,nisi. Mauris nulla. Integer urna. Vivamus molestie dapibus ligula. Aliquam,BN16 2AH,182
Giacomo,Gaines,09-06-02,tristique@nonummyipsumnon.org,ipsum porta elit, a feugiat tellus lorem eu metus. In,QV8W 6KS,183
Timon,Callahan,06-10-04,consectetuer@ultricesmauris.com,non, hendrerit id, ante. Nunc mauris sapien, cursus in, hendrerit,G5N 5YW,184
Kasimir,Poole,07-28-41,bibendum.ullamcorper@interdumSed.org,Phasellus nulla. Integer vulputate, risus a ultricies adipiscing, enim mi,U9 0ES,185
Yoshio,Ford,07-01-12,pede.et.risus@sagittisplaceratCras.com,scelerisque neque. Nullam nisl. Maecenas malesuada fringilla est. Mauris eu,QM2D 4DR,186
Caleb,Richards,10-14-83,Sed@fames.com,mi enim, condimentum eget, volutpat ornare, facilisis eget, ipsum. Donec,H33 9HR,187
Nash,Conner,11-11-48,Vestibulum.ante@magnamalesuada.edu,elit. Nulla facilisi. Sed neque. Sed eget lacus. Mauris non,N6Z 6HD,188
Hoyt,Maddox,03-11-29,id.sapien.Cras@cursusnon.ca,venenatis lacus. Etiam bibendum fermentum metus. Aenean sed pede nec,Z62 2IX,189
Jessica,Sampson,12-02-52,vulputate@atvelitCras.edu,eu nulla at sem molestie sodales. Mauris blandit enim consequat,UV30 9SQ,190
Maxwell,Gonzales,05-09-45,id@est.edu,Cras dictum ultricies ligula. Nullam enim. Sed nulla ante, iaculis,TZ06 4XV,191
Hashim,Marquez,03-27-07,ligula@enimmitempor.edu,amet, dapibus id, blandit at, nisi. Cum sociis natoque penatibus,PR22 3OG,192
Benjamin,Snyder,09-23-03,consequat.purus.Maecenas@laciniaat.ca,non enim. Mauris quis turpis vitae purus gravida sagittis. Duis,VB8 6LL,193
Nasim,Wilson,02-23-85,Nam@nascetur.com,nec ante blandit viverra. Donec tempus, lorem fringilla ornare placerat,,W43 4TK,194
Eliana,Pena,10-19-02,dignissim.magna@lobortismauris.ca,nunc, ullamcorper eu, euismod ac, fermentum vel, mauris. Integer sem,A3H 4UZ,195
Indigo,West,09-06-00,faucibus.leo@egestasAliquam.com,id enim. Curabitur massa. Vestibulum accumsan neque et nunc. Quisque,KD51 5WW,196
Belle,Lowe,09-02-00,et@acipsum.edu,augue scelerisque mollis. Phasellus libero mauris, aliquam eu, accumsan sed,,J61 3CD,197
Timothy,Pace,01-21-00,tellus.id.nunc@orciUtsemper.org,erat. Sed nunc est, mollis non, cursus non, egestas a,,R2 2NE,198
Fritz,Bond,06-06-08,Curabitur.massa@magnaPraesent.ca,id, blandit at, nisi. Cum sociis natoque penatibus et magnis,WL52 5SD,199

